PatientAccessionIdentifier,NHSNumber,HospitalNumber,PatientFamilyName,PatientGivenName,DateOfBirth,AdministrativeSex,OrderingProviderIdentifier,OrderingProviderName,RequestingOrganisationCode,RequestingOrganisationName,PlacerOrderNumber,FMIIdentifier,FillerOrderNumber,OrderStatus,ReportStatusDateTime,ReportIdentifier,NGTDTestCode,NGTDTestName,TestCode,TestAccessionIdentifier,TestOrderDate,ObservationResultStatus,ObservationDateTime,ObservationIdentifierCode,ObservationIdentifierDescription,SpecimenTakenDateTime,SpecimenReceivedDateTime,SpecimenAccessionIdentifier,SpecimenTypeCode,SpecimenTypeDescription
200000,9737383192,R0A4990415,MANCHESTER,Sansa,1972-09-21,Female,SH_LDW,Dr Leah Woodford,R0A,Manchester University NHS Foundation Trust,R26-1OXF,,T26-B5KG,Testing,04 Jun 2026 20:00,,M3.13,"PACKAGE: M3.13 - Breast Cancer, Multi-target ctDNA NGS panel - small variant (ESR1)",ctDNA_M3,T26-B5KG,25 May 2026 11:00,F,03 Jun 2026 10:00,,,25 May 2026 19:00,27 May 2026 05:00,S26-S3BH,BL,Blood
200001,9737383192,R0A4990415,MANCHESTER,Sansa,1972-09-21,Female,SH_RPT,Dr Ross Pettifer,R0A,Manchester University NHS Foundation Trust,R26-2MWH,,T26-WI94,Testing,16 Feb 2026 05:00,,M3.13,"PACKAGE: M3.13 - Breast Cancer, Multi-target ctDNA NGS panel - small variant (ESR1)",ctDNA_M3,T26-WI94,04 Feb 2026 16:00,F,15 Feb 2026 03:00,,,06 Feb 2026 06:00,07 Feb 2026 02:00,S26-IK92,BL,Blood
200002,9737383370,RXR2504446,BLACKBURN,Robert,1965-01-14,Male,SH_JJE,Dr Jonathan Edgerley,RXR,East Lancashire Hospitals NHS Trust,R26-VUZ8,,T26-PW26,Testing,20 Jan 2026 19:00,,M4.14,"PACKAGE: M4.14 - Non-Small Cell Lung Cancer, Multi-target ctDNA combined Multi-target NGS panel - small variant (EGFR, ALK, BRAF, KRAS, MET exon 14 skipping and copy number variations) and structural variant (ROS1, RET, ALK, NTRK1, NTRK2, NTRK3, MET exon ",ctDNA_M4,T26-PW26,08 Jan 2026 16:00,F,20 Jan 2026 05:00,,,09 Jan 2026 09:00,11 Jan 2026 05:00,S26-WSN1,BL,Blood
200003,9737383389,RXR5544238,BURNLEY,Selyse,1967-09-18,Female,SH_RPT,Dr Ross Pettifer,RXR,East Lancashire Hospitals NHS Trust,R26-7W44,,T26-B1JB,Testing,19 Apr 2026 16:00,,M4.14,"PACKAGE: M4.14 - Non-Small Cell Lung Cancer, Multi-target ctDNA combined Multi-target NGS panel - small variant (EGFR, ALK, BRAF, KRAS, MET exon 14 skipping and copy number variations) and structural variant (ROS1, RET, ALK, NTRK1, NTRK2, NTRK3, MET exon ",ctDNA_M4,T26-B1JB,10 Apr 2026 10:00,F,18 Apr 2026 10:00,,,10 Apr 2026 20:00,11 Apr 2026 05:00,S26-3CM7,BL,Blood
200004,9737873858,RHQ5556157,SHEFFIELD,Theon,1986-09-12,Male,SH_RPT,Dr Ross Pettifer,RHQ,Sheffield Teaching Hospitals NHS Foundation Trust,R26-H21U,,T26-3U5L,Testing,25 Jul 2026 00:00,,M4.14,"PACKAGE: M4.14 - Non-Small Cell Lung Cancer, Multi-target ctDNA combined Multi-target NGS panel - small variant (EGFR, ALK, BRAF, KRAS, MET exon 14 skipping and copy number variations) and structural variant (ROS1, RET, ALK, NTRK1, NTRK2, NTRK3, MET exon ",ctDNA_M4,T26-3U5L,10 Jul 2026 16:00,F,23 Jul 2026 14:00,,,11 Jul 2026 09:00,11 Jul 2026 13:00,S26-0J5Z,BL,Blood
200005,9737383362,RNN8362596,BROUGH,Gilly,1989-07-01,Female,SH_AMK,Dr Amelia Kinnear,RNN,North Cumbria Integrated Care NHS Foundation Trust,R26-4P5Q,,T26-ZUXI,Testing,09 Feb 2026 00:00,,M3.13,"PACKAGE: M3.13 - Breast Cancer, Multi-target ctDNA NGS panel - small variant (ESR1)",ctDNA_M3,T26-ZUXI,29 Jan 2026 13:00,F,08 Feb 2026 20:00,,,30 Jan 2026 02:00,31 Jan 2026 20:00,S26-5CM5,BL,Blood
200006,9737383389,RXR5544238,BURNLEY,Selyse,1967-09-18,Female,SH_LDW,Dr Leah Woodford,RXR,East Lancashire Hospitals NHS Trust,R26-MOY4,,T26-CSJF,Testing,25 Apr 2026 22:00,,M3.13,"PACKAGE: M3.13 - Breast Cancer, Multi-target ctDNA NGS panel - small variant (ESR1)",ctDNA_M3,T26-CSJF,14 Apr 2026 09:00,F,25 Apr 2026 08:00,,,14 Apr 2026 15:00,16 Apr 2026 07:00,S26-HBR7,BL,Blood
200007,9737383338,RWJ7171834,BUXTON,Lysa,1971-01-01,Female,SH_LDW,Dr Leah Woodford,RWJ,Stockport NHS Foundation Trust,R26-VEXR,,T26-Y16U,Testing,20 Jun 2026 06:00,,M4.14,"PACKAGE: M4.14 - Non-Small Cell Lung Cancer, Multi-target ctDNA combined Multi-target NGS panel - small variant (EGFR, ALK, BRAF, KRAS, MET exon 14 skipping and copy number variations) and structural variant (ROS1, RET, ALK, NTRK1, NTRK2, NTRK3, MET exon ",ctDNA_M4,T26-Y16U,04 Jun 2026 14:00,F,18 Jun 2026 22:00,,,05 Jun 2026 22:00,07 Jun 2026 20:00,S26-YRCJ,BL,Blood
200008,9737383346,RCD6580042,HAWES,Ygritte,2023-02-09,Female,SH_AMK,Dr Amelia Kinnear,RCD,Harrogate and District NHS Foundation Trust,R26-9R0H,,T26-6J1Q,Testing,03 Jul 2026 18:00,,M4.14,"PACKAGE: M4.14 - Non-Small Cell Lung Cancer, Multi-target ctDNA combined Multi-target NGS panel - small variant (EGFR, ALK, BRAF, KRAS, MET exon 14 skipping and copy number variations) and structural variant (ROS1, RET, ALK, NTRK1, NTRK2, NTRK3, MET exon ",ctDNA_M4,T26-6J1Q,18 Jun 2026 16:00,F,03 Jul 2026 14:00,,,20 Jun 2026 16:00,21 Jun 2026 03:00,S26-D6P9,BL,Blood
200009,9737873963,RWA1512218,HULL,Yara,1981-04-23,Female,SH_RPT,Dr Ross Pettifer,RWA,Hull University Teaching Hospitals NHS Trust,R26-0VOH,,T26-9NZ9,Testing,25 Jan 2026 02:00,,M3.13,"PACKAGE: M3.13 - Breast Cancer, Multi-target ctDNA NGS panel - small variant (ESR1)",ctDNA_M3,T26-9NZ9,08 Jan 2026 09:00,F,24 Jan 2026 04:00,,,10 Jan 2026 06:00,11 Jan 2026 19:00,S26-IE5C,BL,Blood
200010,9737873858,RHQ5556157,SHEFFIELD,Theon,1986-09-12,Male,SH_JJE,Dr Jonathan Edgerley,RHQ,Sheffield Teaching Hospitals NHS Foundation Trust,R26-KWGZ,,T26-RM5K,Testing,07 Feb 2026 06:00,,M4.14,"PACKAGE: M4.14 - Non-Small Cell Lung Cancer, Multi-target ctDNA combined Multi-target NGS panel - small variant (EGFR, ALK, BRAF, KRAS, MET exon 14 skipping and copy number variations) and structural variant (ROS1, RET, ALK, NTRK1, NTRK2, NTRK3, MET exon ",ctDNA_M4,T26-RM5K,28 Jan 2026 14:00,F,07 Feb 2026 04:00,,,30 Jan 2026 00:00,31 Jan 2026 21:00,S26-8IVR,BL,Blood
200011,9737383273,RMC5816963,BOLTON,Ramsay,1985-05-13,Male,SH_RPT,Dr Ross Pettifer,RMC,Bolton NHS Foundation Trust,R26-31HP,,T26-NDO7,Testing,29 Jan 2026 07:00,,M4.14,"PACKAGE: M4.14 - Non-Small Cell Lung Cancer, Multi-target ctDNA combined Multi-target NGS panel - small variant (EGFR, ALK, BRAF, KRAS, MET exon 14 skipping and copy number variations) and structural variant (ROS1, RET, ALK, NTRK1, NTRK2, NTRK3, MET exon ",ctDNA_M4,T26-NDO7,18 Jan 2026 17:00,F,28 Jan 2026 21:00,,,19 Jan 2026 13:00,19 Jan 2026 18:00,S26-M6FB,BL,Blood
200012,9737383214,RTX5299567,LANCASTER,Jaime,1970-07-27,Male,SH_RPT,Dr Ross Pettifer,RTX,University Hospitals of Morecambe Bay NHS Foundation Trust,R26-MO3W,,T26-5IYJ,Testing,16 Feb 2026 10:00,,M4.14,"PACKAGE: M4.14 - Non-Small Cell Lung Cancer, Multi-target ctDNA combined Multi-target NGS panel - small variant (EGFR, ALK, BRAF, KRAS, MET exon 14 skipping and copy number variations) and structural variant (ROS1, RET, ALK, NTRK1, NTRK2, NTRK3, MET exon ",ctDNA_M4,T26-5IYJ,05 Feb 2026 11:00,F,15 Feb 2026 13:00,,,06 Feb 2026 17:00,08 Feb 2026 02:00,S26-C03C,BL,Blood
200013,9737383370,RXR2504446,BLACKBURN,Robert,1965-01-14,Male,SH_RPT,Dr Ross Pettifer,RXR,East Lancashire Hospitals NHS Trust,R26-XXZY,,T26-50S6,Testing,15 Apr 2026 15:00,,M4.14,"PACKAGE: M4.14 - Non-Small Cell Lung Cancer, Multi-target ctDNA combined Multi-target NGS panel - small variant (EGFR, ALK, BRAF, KRAS, MET exon 14 skipping and copy number variations) and structural variant (ROS1, RET, ALK, NTRK1, NTRK2, NTRK3, MET exon ",ctDNA_M4,T26-50S6,07 Apr 2026 10:00,F,15 Apr 2026 06:00,,,07 Apr 2026 12:00,09 Apr 2026 06:00,S26-QAY2,BL,Blood
200014,9737873874,R0B1219360,SUNDERLAND,Corlys,1965-03-22,Male,SH_AMK,Dr Amelia Kinnear,R0B,South Tyneside and Sunderland NHS Foundation Trust,R26-HAWP,,T26-54L3,Testing,22 Feb 2026 02:00,,M4.14,"PACKAGE: M4.14 - Non-Small Cell Lung Cancer, Multi-target ctDNA combined Multi-target NGS panel - small variant (EGFR, ALK, BRAF, KRAS, MET exon 14 skipping and copy number variations) and structural variant (ROS1, RET, ALK, NTRK1, NTRK2, NTRK3, MET exon ",ctDNA_M4,T26-54L3,14 Feb 2026 10:00,F,21 Feb 2026 12:00,,,14 Feb 2026 18:00,16 Feb 2026 08:00,S26-20TO,BL,Blood
200015,9737383206,REM5612527,LIVERPOOL,Ned,1942-06-18,Male,SH_AMK,Dr Amelia Kinnear,REM,Liverpool University Hospitals NHS Foundation Trust,R26-RCM0,,T26-4LV2,Testing,19 Feb 2026 06:00,,M4.14,"PACKAGE: M4.14 - Non-Small Cell Lung Cancer, Multi-target ctDNA combined Multi-target NGS panel - small variant (EGFR, ALK, BRAF, KRAS, MET exon 14 skipping and copy number variations) and structural variant (ROS1, RET, ALK, NTRK1, NTRK2, NTRK3, MET exon ",ctDNA_M4,T26-4LV2,06 Feb 2026 12:00,F,18 Feb 2026 09:00,,,07 Feb 2026 18:00,08 Feb 2026 21:00,S26-BBPW,BL,Blood
200016,9737383338,RWJ7171834,BUXTON,Lysa,1971-01-01,Female,SH_JJE,Dr Jonathan Edgerley,RWJ,Stockport NHS Foundation Trust,R26-XL0E,,T26-RBC2,Testing,19 Jul 2026 17:00,,M3.13,"PACKAGE: M3.13 - Breast Cancer, Multi-target ctDNA NGS panel - small variant (ESR1)",ctDNA_M3,T26-RBC2,09 Jul 2026 11:00,F,18 Jul 2026 20:00,,,10 Jul 2026 20:00,12 Jul 2026 17:00,S26-6KG2,BL,Blood
200017,9737873971,RTR9120517,MIDDLESBOROUGH,Allanys,1947-04-27,Female,SH_AMK,Dr Amelia Kinnear,RTR,South Tees Hospitals NHS Foundation Trust,R26-WO1L,,T26-4DKH,Testing,26 Apr 2026 21:00,,M4.14,"PACKAGE: M4.14 - Non-Small Cell Lung Cancer, Multi-target ctDNA combined Multi-target NGS panel - small variant (EGFR, ALK, BRAF, KRAS, MET exon 14 skipping and copy number variations) and structural variant (ROS1, RET, ALK, NTRK1, NTRK2, NTRK3, MET exon ",ctDNA_M4,T26-4DKH,15 Apr 2026 09:00,F,26 Apr 2026 18:00,,,15 Apr 2026 10:00,16 Apr 2026 09:00,S26-U567,BL,Blood
200018,9737383257,REM2035465,WREXHAM,Myrcella,1999-10-13,Female,SH_LDW,Dr Leah Woodford,REM,Liverpool University Hospitals NHS Foundation Trust,R26-O3FY,,T26-AUZW,Testing,13 Feb 2026 05:00,,M4.14,"PACKAGE: M4.14 - Non-Small Cell Lung Cancer, Multi-target ctDNA combined Multi-target NGS panel - small variant (EGFR, ALK, BRAF, KRAS, MET exon 14 skipping and copy number variations) and structural variant (ROS1, RET, ALK, NTRK1, NTRK2, NTRK3, MET exon ",ctDNA_M4,T26-AUZW,30 Jan 2026 15:00,F,12 Feb 2026 17:00,,,31 Jan 2026 21:00,01 Feb 2026 12:00,S26-HZYL,BL,Blood
200019,9737383370,RXR2504446,BLACKBURN,Robert,1965-01-14,Male,SH_LDW,Dr Leah Woodford,RXR,East Lancashire Hospitals NHS Trust,R26-I63P,,T26-7P6V,Testing,19 May 2026 03:00,,M4.14,"PACKAGE: M4.14 - Non-Small Cell Lung Cancer, Multi-target ctDNA combined Multi-target NGS panel - small variant (EGFR, ALK, BRAF, KRAS, MET exon 14 skipping and copy number variations) and structural variant (ROS1, RET, ALK, NTRK1, NTRK2, NTRK3, MET exon ",ctDNA_M4,T26-7P6V,04 May 2026 08:00,F,19 May 2026 03:00,,,04 May 2026 21:00,06 May 2026 16:00,S26-SI89,BL,Blood
200020,9737873963,RWA1512218,HULL,Yara,1981-04-23,Female,SH_JJE,Dr Jonathan Edgerley,RWA,Hull University Teaching Hospitals NHS Trust,R26-3R1K,,T26-ZJND,Testing,06 Jul 2026 06:00,,M3.13,"PACKAGE: M3.13 - Breast Cancer, Multi-target ctDNA NGS panel - small variant (ESR1)",ctDNA_M3,T26-ZJND,24 Jun 2026 14:00,F,04 Jul 2026 23:00,,,25 Jun 2026 08:00,25 Jun 2026 14:00,S26-UVHC,BL,Blood
200021,9737383354,RTX4842004,KENDAL,Tormund,1978-12-07,Male,SH_JJE,Dr Jonathan Edgerley,RTX,University Hospitals of Morecambe Bay NHS Foundation Trust,R26-FQUS,,T26-R4OU,Testing,08 Jul 2026 10:00,,M4.14,"PACKAGE: M4.14 - Non-Small Cell Lung Cancer, Multi-target ctDNA combined Multi-target NGS panel - small variant (EGFR, ALK, BRAF, KRAS, MET exon 14 skipping and copy number variations) and structural variant (ROS1, RET, ALK, NTRK1, NTRK2, NTRK3, MET exon ",ctDNA_M4,T26-R4OU,29 Jun 2026 13:00,F,07 Jul 2026 20:00,,,30 Jun 2026 22:00,01 Jul 2026 16:00,S26-V1KT,BL,Blood
200022,9737383354,RTX4842004,KENDAL,Tormund,1978-12-07,Male,SH_JJE,Dr Jonathan Edgerley,RTX,University Hospitals of Morecambe Bay NHS Foundation Trust,R26-D4H8,,T26-OCCO,Testing,04 Jun 2026 08:00,,M4.14,"PACKAGE: M4.14 - Non-Small Cell Lung Cancer, Multi-target ctDNA combined Multi-target NGS panel - small variant (EGFR, ALK, BRAF, KRAS, MET exon 14 skipping and copy number variations) and structural variant (ROS1, RET, ALK, NTRK1, NTRK2, NTRK3, MET exon ",ctDNA_M4,T26-OCCO,27 May 2026 17:00,F,03 Jun 2026 05:00,,,27 May 2026 22:00,28 May 2026 18:00,S26-MEKI,BL,Blood
200023,9737383192,R0A4990415,MANCHESTER,Sansa,1972-09-21,Female,SH_AMK,Dr Amelia Kinnear,R0A,Manchester University NHS Foundation Trust,R26-BANP,,T26-LFGY,Testing,08 May 2026 22:00,,M3.13,"PACKAGE: M3.13 - Breast Cancer, Multi-target ctDNA NGS panel - small variant (ESR1)",ctDNA_M3,T26-LFGY,23 Apr 2026 11:00,F,07 May 2026 23:00,,,24 Apr 2026 23:00,25 Apr 2026 17:00,S26-QBVI,BL,Blood
200024,9737383413,R0A3088251,STREFORD,Syrio,1992-05-29,Male,SH_AMK,Dr Amelia Kinnear,R0A,Manchester University NHS Foundation Trust,R26-AO66,,T26-O6Y4,Testing,24 Jul 2026 01:00,,M4.14,"PACKAGE: M4.14 - Non-Small Cell Lung Cancer, Multi-target ctDNA combined Multi-target NGS panel - small variant (EGFR, ALK, BRAF, KRAS, MET exon 14 skipping and copy number variations) and structural variant (ROS1, RET, ALK, NTRK1, NTRK2, NTRK3, MET exon ",ctDNA_M4,T26-O6Y4,13 Jul 2026 17:00,F,22 Jul 2026 19:00,,,15 Jul 2026 07:00,15 Jul 2026 14:00,S26-3KSL,BL,Blood
200025,9737873874,R0B1219360,SUNDERLAND,Corlys,1965-03-22,Male,SH_RPT,Dr Ross Pettifer,R0B,South Tyneside and Sunderland NHS Foundation Trust,R26-UTKE,,T26-1U3M,Testing,30 Jan 2026 04:00,,M4.14,"PACKAGE: M4.14 - Non-Small Cell Lung Cancer, Multi-target ctDNA combined Multi-target NGS panel - small variant (EGFR, ALK, BRAF, KRAS, MET exon 14 skipping and copy number variations) and structural variant (ROS1, RET, ALK, NTRK1, NTRK2, NTRK3, MET exon ",ctDNA_M4,T26-1U3M,17 Jan 2026 09:00,F,29 Jan 2026 04:00,,,18 Jan 2026 21:00,20 Jan 2026 01:00,S26-W91L,BL,Blood
200026,9737383214,RTX5299567,LANCASTER,Jaime,1970-07-27,Male,SH_RPT,Dr Ross Pettifer,RTX,University Hospitals of Morecambe Bay NHS Foundation Trust,R26-JY80,,T26-QM05,Testing,25 Apr 2026 02:00,,M4.14,"PACKAGE: M4.14 - Non-Small Cell Lung Cancer, Multi-target ctDNA combined Multi-target NGS panel - small variant (EGFR, ALK, BRAF, KRAS, MET exon 14 skipping and copy number variations) and structural variant (ROS1, RET, ALK, NTRK1, NTRK2, NTRK3, MET exon ",ctDNA_M4,T26-QM05,14 Apr 2026 09:00,F,23 Apr 2026 20:00,,,15 Apr 2026 07:00,16 Apr 2026 18:00,S26-ZRQ6,BL,Blood
200027,9737383362,RNN8362596,BROUGH,Gilly,1989-07-01,Female,SH_AMK,Dr Amelia Kinnear,RNN,North Cumbria Integrated Care NHS Foundation Trust,R26-NAUZ,,T26-RBXE,Testing,17 Jun 2026 21:00,,M3.13,"PACKAGE: M3.13 - Breast Cancer, Multi-target ctDNA NGS panel - small variant (ESR1)",ctDNA_M3,T26-RBXE,06 Jun 2026 15:00,F,17 Jun 2026 18:00,,,06 Jun 2026 20:00,07 Jun 2026 10:00,S26-ONM9,BL,Blood
200028,9737383257,REM2035465,WREXHAM,Myrcella,1999-10-13,Female,SH_AMK,Dr Amelia Kinnear,REM,Liverpool University Hospitals NHS Foundation Trust,R26-ONDB,,T26-P19H,Testing,20 May 2026 13:00,,M4.14,"PACKAGE: M4.14 - Non-Small Cell Lung Cancer, Multi-target ctDNA combined Multi-target NGS panel - small variant (EGFR, ALK, BRAF, KRAS, MET exon 14 skipping and copy number variations) and structural variant (ROS1, RET, ALK, NTRK1, NTRK2, NTRK3, MET exon ",ctDNA_M4,T26-P19H,12 May 2026 13:00,F,19 May 2026 21:00,,,12 May 2026 22:00,13 May 2026 18:00,S26-6HXM,BL,Blood
200029,9737383222,RR86567129,LEEDS,Rob,1978-01-17,Male,SH_JJE,Dr Jonathan Edgerley,RR8,Leeds Teaching Hospitals NHS Trust,R26-XLY1,,T26-IDBN,Testing,22 Jan 2026 02:00,,M4.14,"PACKAGE: M4.14 - Non-Small Cell Lung Cancer, Multi-target ctDNA combined Multi-target NGS panel - small variant (EGFR, ALK, BRAF, KRAS, MET exon 14 skipping and copy number variations) and structural variant (ROS1, RET, ALK, NTRK1, NTRK2, NTRK3, MET exon ",ctDNA_M4,T26-IDBN,11 Jan 2026 17:00,F,20 Jan 2026 22:00,,,12 Jan 2026 05:00,13 Jan 2026 16:00,S26-JH1O,BL,Blood
200030,9737383249,R0A3072304,BIRMINGHAM,Tommen,1999-09-07,Male,SH_AMK,Dr Amelia Kinnear,R0A,Manchester University NHS Foundation Trust,R26-1M80,,T26-58Y8,Testing,14 Mar 2026 01:00,,M4.14,"PACKAGE: M4.14 - Non-Small Cell Lung Cancer, Multi-target ctDNA combined Multi-target NGS panel - small variant (EGFR, ALK, BRAF, KRAS, MET exon 14 skipping and copy number variations) and structural variant (ROS1, RET, ALK, NTRK1, NTRK2, NTRK3, MET exon ",ctDNA_M4,T26-58Y8,05 Mar 2026 12:00,F,12 Mar 2026 19:00,,,06 Mar 2026 13:00,06 Mar 2026 19:00,S26-8DMU,BL,Blood
200031,9737383192,R0A4990415,MANCHESTER,Sansa,1972-09-21,Female,SH_AMK,Dr Amelia Kinnear,R0A,Manchester University NHS Foundation Trust,R26-2P4L,,T26-BVQF,Testing,02 Mar 2026 07:00,,M3.13,"PACKAGE: M3.13 - Breast Cancer, Multi-target ctDNA NGS panel - small variant (ESR1)",ctDNA_M3,T26-BVQF,18 Feb 2026 13:00,F,02 Mar 2026 00:00,,,20 Feb 2026 01:00,21 Feb 2026 19:00,S26-TKDP,BL,Blood
200032,9737383281,RBT9630726,CONGLETON,Margaery,1982-02-11,Female,SH_JJE,Dr Jonathan Edgerley,RBT,Mid Cheshire Hospitals NHS Foundation Trust,R26-JZCW,,T26-ZQ3D,Testing,10 May 2026 13:00,,M4.14,"PACKAGE: M4.14 - Non-Small Cell Lung Cancer, Multi-target ctDNA combined Multi-target NGS panel - small variant (EGFR, ALK, BRAF, KRAS, MET exon 14 skipping and copy number variations) and structural variant (ROS1, RET, ALK, NTRK1, NTRK2, NTRK3, MET exon ",ctDNA_M4,T26-ZQ3D,26 Apr 2026 11:00,F,09 May 2026 16:00,,,27 Apr 2026 09:00,28 Apr 2026 04:00,S26-2LWD,BL,Blood
200033,9737383257,REM2035465,WREXHAM,Myrcella,1999-10-13,Female,SH_JJE,Dr Jonathan Edgerley,REM,Liverpool University Hospitals NHS Foundation Trust,R26-PZBQ,,T26-85VR,Testing,12 Jul 2026 00:00,,M3.13,"PACKAGE: M3.13 - Breast Cancer, Multi-target ctDNA NGS panel - small variant (ESR1)",ctDNA_M3,T26-85VR,29 Jun 2026 14:00,F,11 Jul 2026 06:00,,,29 Jun 2026 22:00,01 Jul 2026 19:00,S26-0T2C,BL,Blood
200034,9737383214,RTX5299567,LANCASTER,Jaime,1970-07-27,Male,SH_LDW,Dr Leah Woodford,RTX,University Hospitals of Morecambe Bay NHS Foundation Trust,R26-224W,,T26-TONO,Testing,21 Jun 2026 04:00,,M4.14,"PACKAGE: M4.14 - Non-Small Cell Lung Cancer, Multi-target ctDNA combined Multi-target NGS panel - small variant (EGFR, ALK, BRAF, KRAS, MET exon 14 skipping and copy number variations) and structural variant (ROS1, RET, ALK, NTRK1, NTRK2, NTRK3, MET exon ",ctDNA_M4,T26-TONO,04 Jun 2026 15:00,F,20 Jun 2026 08:00,,,06 Jun 2026 06:00,08 Jun 2026 01:00,S26-LA2I,BL,Blood
200035,9737383273,RMC5816963,BOLTON,Ramsay,1985-05-13,Male,SH_RPT,Dr Ross Pettifer,RMC,Bolton NHS Foundation Trust,R26-U1LW,,T26-CO2O,Testing,13 Mar 2026 10:00,,M4.14,"PACKAGE: M4.14 - Non-Small Cell Lung Cancer, Multi-target ctDNA combined Multi-target NGS panel - small variant (EGFR, ALK, BRAF, KRAS, MET exon 14 skipping and copy number variations) and structural variant (ROS1, RET, ALK, NTRK1, NTRK2, NTRK3, MET exon ",ctDNA_M4,T26-CO2O,03 Mar 2026 13:00,F,12 Mar 2026 01:00,,,04 Mar 2026 23:00,05 Mar 2026 21:00,S26-3O6Y,BL,Blood
200036,9737383214,RTX5299567,LANCASTER,Jaime,1970-07-27,Male,SH_LDW,Dr Leah Woodford,RTX,University Hospitals of Morecambe Bay NHS Foundation Trust,R26-XHOW,,T26-CFV1,Testing,19 Apr 2026 16:00,,M4.14,"PACKAGE: M4.14 - Non-Small Cell Lung Cancer, Multi-target ctDNA combined Multi-target NGS panel - small variant (EGFR, ALK, BRAF, KRAS, MET exon 14 skipping and copy number variations) and structural variant (ROS1, RET, ALK, NTRK1, NTRK2, NTRK3, MET exon ",ctDNA_M4,T26-CFV1,08 Apr 2026 08:00,F,18 Apr 2026 19:00,,,08 Apr 2026 11:00,09 Apr 2026 18:00,S26-YZEA,BL,Blood
200037,9737873963,RWA1512218,HULL,Yara,1981-04-23,Female,SH_AMK,Dr Amelia Kinnear,RWA,Hull University Teaching Hospitals NHS Trust,R26-ZD20,,T26-C15L,Testing,31 Jul 2026 11:00,,M4.14,"PACKAGE: M4.14 - Non-Small Cell Lung Cancer, Multi-target ctDNA combined Multi-target NGS panel - small variant (EGFR, ALK, BRAF, KRAS, MET exon 14 skipping and copy number variations) and structural variant (ROS1, RET, ALK, NTRK1, NTRK2, NTRK3, MET exon ",ctDNA_M4,T26-C15L,19 Jul 2026 10:00,F,30 Jul 2026 22:00,,,21 Jul 2026 02:00,22 Jul 2026 17:00,S26-GURY,BL,Blood
200038,9737383338,RWJ7171834,BUXTON,Lysa,1971-01-01,Female,SH_JJE,Dr Jonathan Edgerley,RWJ,Stockport NHS Foundation Trust,R26-NIPF,,T26-C93D,Testing,24 Jun 2026 21:00,,M3.13,"PACKAGE: M3.13 - Breast Cancer, Multi-target ctDNA NGS panel - small variant (ESR1)",ctDNA_M3,T26-C93D,13 Jun 2026 11:00,F,24 Jun 2026 21:00,,,14 Jun 2026 17:00,15 Jun 2026 13:00,S26-LN5C,BL,Blood
200039,9737383281,RBT9630726,CONGLETON,Margaery,1982-02-11,Female,SH_AMK,Dr Amelia Kinnear,RBT,Mid Cheshire Hospitals NHS Foundation Trust,R26-S43Y,,T26-T69D,Testing,04 Jun 2026 13:00,,M3.13,"PACKAGE: M3.13 - Breast Cancer, Multi-target ctDNA NGS panel - small variant (ESR1)",ctDNA_M3,T26-T69D,22 May 2026 17:00,F,04 Jun 2026 12:00,,,23 May 2026 07:00,24 May 2026 00:00,S26-C9OR,BL,Blood
200040,9737383214,RTX5299567,LANCASTER,Jaime,1970-07-27,Male,SH_LDW,Dr Leah Woodford,RTX,University Hospitals of Morecambe Bay NHS Foundation Trust,R26-ILZL,,T26-N38T,Testing,29 Jul 2026 04:00,,M4.14,"PACKAGE: M4.14 - Non-Small Cell Lung Cancer, Multi-target ctDNA combined Multi-target NGS panel - small variant (EGFR, ALK, BRAF, KRAS, MET exon 14 skipping and copy number variations) and structural variant (ROS1, RET, ALK, NTRK1, NTRK2, NTRK3, MET exon ",ctDNA_M4,T26-N38T,17 Jul 2026 08:00,F,29 Jul 2026 00:00,,,18 Jul 2026 09:00,19 Jul 2026 22:00,S26-GZY2,BL,Blood
200041,9737383192,R0A4990415,MANCHESTER,Sansa,1972-09-21,Female,SH_RPT,Dr Ross Pettifer,R0A,Manchester University NHS Foundation Trust,R26-416N,,T26-1NJ2,Testing,15 Jun 2026 03:00,,M3.13,"PACKAGE: M3.13 - Breast Cancer, Multi-target ctDNA NGS panel - small variant (ESR1)",ctDNA_M3,T26-1NJ2,03 Jun 2026 15:00,F,14 Jun 2026 21:00,,,05 Jun 2026 09:00,05 Jun 2026 19:00,S26-TBFQ,BL,Blood
200042,9737383230,RR87171382,LONDON,Cersei,1973-10-03,Female,SH_AMK,Dr Amelia Kinnear,RR8,Leeds Teaching Hospitals NHS Trust,R26-2P4B,,T26-58ZZ,Testing,26 Jan 2026 11:00,,M4.14,"PACKAGE: M4.14 - Non-Small Cell Lung Cancer, Multi-target ctDNA combined Multi-target NGS panel - small variant (EGFR, ALK, BRAF, KRAS, MET exon 14 skipping and copy number variations) and structural variant (ROS1, RET, ALK, NTRK1, NTRK2, NTRK3, MET exon ",ctDNA_M4,T26-58ZZ,18 Jan 2026 12:00,F,26 Jan 2026 07:00,,,19 Jan 2026 07:00,19 Jan 2026 22:00,S26-FPW5,BL,Blood
200043,9737383362,RNN8362596,BROUGH,Gilly,1989-07-01,Female,SH_AMK,Dr Amelia Kinnear,RNN,North Cumbria Integrated Care NHS Foundation Trust,R26-O35C,,T26-UYIY,Testing,15 Mar 2026 19:00,,M3.13,"PACKAGE: M3.13 - Breast Cancer, Multi-target ctDNA NGS panel - small variant (ESR1)",ctDNA_M3,T26-UYIY,05 Mar 2026 14:00,F,14 Mar 2026 18:00,,,07 Mar 2026 06:00,07 Mar 2026 17:00,S26-TLV2,BL,Blood
200044,9737873858,RHQ5556157,SHEFFIELD,Theon,1986-09-12,Male,SH_LDW,Dr Leah Woodford,RHQ,Sheffield Teaching Hospitals NHS Foundation Trust,R26-7I7P,,T26-A09G,Testing,30 May 2026 09:00,,M4.14,"PACKAGE: M4.14 - Non-Small Cell Lung Cancer, Multi-target ctDNA combined Multi-target NGS panel - small variant (EGFR, ALK, BRAF, KRAS, MET exon 14 skipping and copy number variations) and structural variant (ROS1, RET, ALK, NTRK1, NTRK2, NTRK3, MET exon ",ctDNA_M4,T26-A09G,18 May 2026 12:00,F,29 May 2026 18:00,,,20 May 2026 06:00,20 May 2026 16:00,S26-BEZY,BL,Blood
200045,9737873947,RTD6825237,NEWCASTLE,Rheana,2009-06-11,Female,SH_LDW,Dr Leah Woodford,RTD,The Newcastle upon Tyne Hospitals NHS Foundation Trust,R26-PIXA,,T26-5JSC,Testing,30 Mar 2026 23:00,,M4.14,"PACKAGE: M4.14 - Non-Small Cell Lung Cancer, Multi-target ctDNA combined Multi-target NGS panel - small variant (EGFR, ALK, BRAF, KRAS, MET exon 14 skipping and copy number variations) and structural variant (ROS1, RET, ALK, NTRK1, NTRK2, NTRK3, MET exon ",ctDNA_M4,T26-5JSC,18 Mar 2026 16:00,F,30 Mar 2026 19:00,,,19 Mar 2026 13:00,20 Mar 2026 10:00,S26-C6XG,BL,Blood
200046,9737383222,RR86567129,LEEDS,Rob,1978-01-17,Male,SH_AMK,Dr Amelia Kinnear,RR8,Leeds Teaching Hospitals NHS Trust,R26-SEBJ,,T26-DDY5,Testing,09 Jan 2026 18:00,,M4.14,"PACKAGE: M4.14 - Non-Small Cell Lung Cancer, Multi-target ctDNA combined Multi-target NGS panel - small variant (EGFR, ALK, BRAF, KRAS, MET exon 14 skipping and copy number variations) and structural variant (ROS1, RET, ALK, NTRK1, NTRK2, NTRK3, MET exon ",ctDNA_M4,T26-DDY5,01 Jan 2026 13:00,F,09 Jan 2026 13:00,,,03 Jan 2026 03:00,03 Jan 2026 12:00,S26-JB4W,BL,Blood
200047,9737383222,RR86567129,LEEDS,Rob,1978-01-17,Male,SH_AMK,Dr Amelia Kinnear,RR8,Leeds Teaching Hospitals NHS Trust,R26-88MU,,T26-X44W,Testing,26 Mar 2026 13:00,,M4.14,"PACKAGE: M4.14 - Non-Small Cell Lung Cancer, Multi-target ctDNA combined Multi-target NGS panel - small variant (EGFR, ALK, BRAF, KRAS, MET exon 14 skipping and copy number variations) and structural variant (ROS1, RET, ALK, NTRK1, NTRK2, NTRK3, MET exon ",ctDNA_M4,T26-X44W,11 Mar 2026 08:00,F,25 Mar 2026 16:00,,,13 Mar 2026 04:00,14 Mar 2026 06:00,S26-1JI7,BL,Blood
200048,9737383281,RBT9630726,CONGLETON,Margaery,1982-02-11,Female,SH_JJE,Dr Jonathan Edgerley,RBT,Mid Cheshire Hospitals NHS Foundation Trust,R26-GW8W,,T26-QZ4E,Testing,24 Feb 2026 02:00,,M3.13,"PACKAGE: M3.13 - Breast Cancer, Multi-target ctDNA NGS panel - small variant (ESR1)",ctDNA_M3,T26-QZ4E,09 Feb 2026 13:00,F,23 Feb 2026 23:00,,,09 Feb 2026 22:00,11 Feb 2026 11:00,S26-S3YD,BL,Blood
200049,9737383206,REM5612527,LIVERPOOL,Ned,1942-06-18,Male,SH_JJE,Dr Jonathan Edgerley,REM,Liverpool University Hospitals NHS Foundation Trust,R26-BS9P,,T26-S91E,Testing,28 May 2026 15:00,,M4.14,"PACKAGE: M4.14 - Non-Small Cell Lung Cancer, Multi-target ctDNA combined Multi-target NGS panel - small variant (EGFR, ALK, BRAF, KRAS, MET exon 14 skipping and copy number variations) and structural variant (ROS1, RET, ALK, NTRK1, NTRK2, NTRK3, MET exon ",ctDNA_M4,T26-S91E,14 May 2026 10:00,F,27 May 2026 05:00,,,14 May 2026 13:00,15 May 2026 04:00,S26-AXWE,BL,Blood
200050,9737383338,RWJ7171834,BUXTON,Lysa,1971-01-01,Female,SH_RPT,Dr Ross Pettifer,RWJ,Stockport NHS Foundation Trust,R26-8EA4,,T26-K6YY,Testing,11 Jul 2026 18:00,,M3.13,"PACKAGE: M3.13 - Breast Cancer, Multi-target ctDNA NGS panel - small variant (ESR1)",ctDNA_M3,T26-K6YY,30 Jun 2026 10:00,F,11 Jul 2026 16:00,,,01 Jul 2026 18:00,03 Jul 2026 07:00,S26-010J,BL,Blood
200051,9737383397,RMP7373931,TAMESIDE,Hodor,1960-07-27,Male,SH_JJE,Dr Jonathan Edgerley,RMP,Tameside and Glossop Integrated Care NHS Foundation Trust,R26-SZA2,,T26-CHPR,Testing,15 Jul 2026 19:00,,M4.14,"PACKAGE: M4.14 - Non-Small Cell Lung Cancer, Multi-target ctDNA combined Multi-target NGS panel - small variant (EGFR, ALK, BRAF, KRAS, MET exon 14 skipping and copy number variations) and structural variant (ROS1, RET, ALK, NTRK1, NTRK2, NTRK3, MET exon ",ctDNA_M4,T26-CHPR,04 Jul 2026 12:00,F,14 Jul 2026 16:00,,,04 Jul 2026 20:00,05 Jul 2026 09:00,S26-RR8F,BL,Blood
200052,9737873882,RAE9998340,BRADFORD,Rodrik,1942-09-20,Male,SH_AMK,Dr Amelia Kinnear,RAE,Bradford Teaching Hospitals NHS Foundation Trust,R26-LFQT,,T26-KWY0,Testing,02 Aug 2026 12:00,,M4.14,"PACKAGE: M4.14 - Non-Small Cell Lung Cancer, Multi-target ctDNA combined Multi-target NGS panel - small variant (EGFR, ALK, BRAF, KRAS, MET exon 14 skipping and copy number variations) and structural variant (ROS1, RET, ALK, NTRK1, NTRK2, NTRK3, MET exon ",ctDNA_M4,T26-KWY0,18 Jul 2026 11:00,F,01 Aug 2026 22:00,,,19 Jul 2026 20:00,20 Jul 2026 19:00,S26-MK1S,BL,Blood
200053,9737383192,R0A4990415,MANCHESTER,Sansa,1972-09-21,Female,SH_JJE,Dr Jonathan Edgerley,R0A,Manchester University NHS Foundation Trust,R26-1C6H,,T26-3AJW,Testing,22 Jan 2026 09:00,,M4.14,"PACKAGE: M4.14 - Non-Small Cell Lung Cancer, Multi-target ctDNA combined Multi-target NGS panel - small variant (EGFR, ALK, BRAF, KRAS, MET exon 14 skipping and copy number variations) and structural variant (ROS1, RET, ALK, NTRK1, NTRK2, NTRK3, MET exon ",ctDNA_M4,T26-3AJW,15 Jan 2026 11:00,F,22 Jan 2026 04:00,,,16 Jan 2026 12:00,16 Jan 2026 17:00,S26-YGVF,BL,Blood
200054,9737873998,RXP5342179,DURHAM,Alicent,1993-12-27,Female,SH_RPT,Dr Ross Pettifer,RXP,County Durham and Darlington NHS Foundation Trust,R26-33QK,,T26-HN62,Testing,10 Jul 2026 10:00,,M4.14,"PACKAGE: M4.14 - Non-Small Cell Lung Cancer, Multi-target ctDNA combined Multi-target NGS panel - small variant (EGFR, ALK, BRAF, KRAS, MET exon 14 skipping and copy number variations) and structural variant (ROS1, RET, ALK, NTRK1, NTRK2, NTRK3, MET exon ",ctDNA_M4,T26-HN62,01 Jul 2026 15:00,F,09 Jul 2026 23:00,,,03 Jul 2026 15:00,04 Jul 2026 15:00,S26-F1N3,BL,Blood
200055,9737383362,RNN8362596,BROUGH,Gilly,1989-07-01,Female,SH_JJE,Dr Jonathan Edgerley,RNN,North Cumbria Integrated Care NHS Foundation Trust,R26-7JOG,,T26-8J5X,Testing,04 Mar 2026 08:00,,M3.13,"PACKAGE: M3.13 - Breast Cancer, Multi-target ctDNA NGS panel - small variant (ESR1)",ctDNA_M3,T26-8J5X,23 Feb 2026 17:00,F,02 Mar 2026 22:00,,,24 Feb 2026 00:00,25 Feb 2026 14:00,S26-NSW1,BL,Blood
200056,9737873866,RCB5728839,YORK,Euron,1982-03-02,Male,SH_RPT,Dr Ross Pettifer,RCB,York and Scarborough Teaching Hospitals NHS Foundation Trust,R26-W6CY,,T26-DPLT,Testing,06 Jul 2026 00:00,,M4.14,"PACKAGE: M4.14 - Non-Small Cell Lung Cancer, Multi-target ctDNA combined Multi-target NGS panel - small variant (EGFR, ALK, BRAF, KRAS, MET exon 14 skipping and copy number variations) and structural variant (ROS1, RET, ALK, NTRK1, NTRK2, NTRK3, MET exon ",ctDNA_M4,T26-DPLT,21 Jun 2026 09:00,F,05 Jul 2026 14:00,,,21 Jun 2026 21:00,23 Jun 2026 06:00,S26-PQ3W,BL,Blood
200057,9737873963,RWA1512218,HULL,Yara,1981-04-23,Female,SH_JJE,Dr Jonathan Edgerley,RWA,Hull University Teaching Hospitals NHS Trust,R26-MS15,,T26-G682,Testing,16 Mar 2026 23:00,,M4.14,"PACKAGE: M4.14 - Non-Small Cell Lung Cancer, Multi-target ctDNA combined Multi-target NGS panel - small variant (EGFR, ALK, BRAF, KRAS, MET exon 14 skipping and copy number variations) and structural variant (ROS1, RET, ALK, NTRK1, NTRK2, NTRK3, MET exon ",ctDNA_M4,T26-G682,01 Mar 2026 16:00,F,15 Mar 2026 23:00,,,03 Mar 2026 08:00,03 Mar 2026 22:00,S26-GAKE,BL,Blood
200058,9737873882,RAE9998340,BRADFORD,Rodrik,1942-09-20,Male,SH_RPT,Dr Ross Pettifer,RAE,Bradford Teaching Hospitals NHS Foundation Trust,R26-9IYG,,T26-MCVB,Testing,28 Feb 2026 20:00,,M4.14,"PACKAGE: M4.14 - Non-Small Cell Lung Cancer, Multi-target ctDNA combined Multi-target NGS panel - small variant (EGFR, ALK, BRAF, KRAS, MET exon 14 skipping and copy number variations) and structural variant (ROS1, RET, ALK, NTRK1, NTRK2, NTRK3, MET exon ",ctDNA_M4,T26-MCVB,17 Feb 2026 10:00,F,28 Feb 2026 07:00,,,18 Feb 2026 10:00,19 Feb 2026 19:00,S26-F4BV,BL,Blood
200059,9737383362,RNN8362596,BROUGH,Gilly,1989-07-01,Female,SH_RPT,Dr Ross Pettifer,RNN,North Cumbria Integrated Care NHS Foundation Trust,R26-L8N6,,T26-HHVZ,Testing,02 Jul 2026 02:00,,M4.14,"PACKAGE: M4.14 - Non-Small Cell Lung Cancer, Multi-target ctDNA combined Multi-target NGS panel - small variant (EGFR, ALK, BRAF, KRAS, MET exon 14 skipping and copy number variations) and structural variant (ROS1, RET, ALK, NTRK1, NTRK2, NTRK3, MET exon ",ctDNA_M4,T26-HHVZ,20 Jun 2026 12:00,F,01 Jul 2026 02:00,,,21 Jun 2026 03:00,22 Jun 2026 18:00,S26-396N,BL,Blood
200060,9737383370,RXR2504446,BLACKBURN,Robert,1965-01-14,Male,SH_LDW,Dr Leah Woodford,RXR,East Lancashire Hospitals NHS Trust,R26-CCQ5,,T26-UZJR,Testing,03 Jun 2026 21:00,,M4.14,"PACKAGE: M4.14 - Non-Small Cell Lung Cancer, Multi-target ctDNA combined Multi-target NGS panel - small variant (EGFR, ALK, BRAF, KRAS, MET exon 14 skipping and copy number variations) and structural variant (ROS1, RET, ALK, NTRK1, NTRK2, NTRK3, MET exon ",ctDNA_M4,T26-UZJR,26 May 2026 17:00,F,03 Jun 2026 19:00,,,26 May 2026 23:00,28 May 2026 18:00,S26-QB3V,BL,Blood
200061,9737383311,RBT4226362,NORTHWICH,Mace,1957-01-19,Male,SH_RPT,Dr Ross Pettifer,RBT,Mid Cheshire Hospitals NHS Foundation Trust,R26-4JWZ,,T26-D661,Testing,19 Mar 2026 22:00,,M4.14,"PACKAGE: M4.14 - Non-Small Cell Lung Cancer, Multi-target ctDNA combined Multi-target NGS panel - small variant (EGFR, ALK, BRAF, KRAS, MET exon 14 skipping and copy number variations) and structural variant (ROS1, RET, ALK, NTRK1, NTRK2, NTRK3, MET exon ",ctDNA_M4,T26-D661,10 Mar 2026 17:00,F,19 Mar 2026 10:00,,,11 Mar 2026 00:00,11 Mar 2026 10:00,S26-WQ9W,BL,Blood
200062,9737383338,RWJ7171834,BUXTON,Lysa,1971-01-01,Female,SH_RPT,Dr Ross Pettifer,RWJ,Stockport NHS Foundation Trust,R26-XTEA,,T26-R0TF,Testing,19 Apr 2026 03:00,,M3.13,"PACKAGE: M3.13 - Breast Cancer, Multi-target ctDNA NGS panel - small variant (ESR1)",ctDNA_M3,T26-R0TF,09 Apr 2026 17:00,F,18 Apr 2026 00:00,,,10 Apr 2026 01:00,11 Apr 2026 21:00,S26-4LHN,BL,Blood
200063,9737383346,RCD6580042,HAWES,Ygritte,2023-02-09,Female,SH_LDW,Dr Leah Woodford,RCD,Harrogate and District NHS Foundation Trust,R26-1FYC,,T26-D23Y,Testing,04 Feb 2026 03:00,,M3.13,"PACKAGE: M3.13 - Breast Cancer, Multi-target ctDNA NGS panel - small variant (ESR1)",ctDNA_M3,T26-D23Y,21 Jan 2026 16:00,F,02 Feb 2026 22:00,,,22 Jan 2026 10:00,23 Jan 2026 21:00,S26-1078,BL,Blood
200064,9737383273,RMC5816963,BOLTON,Ramsay,1985-05-13,Male,SH_RPT,Dr Ross Pettifer,RMC,Bolton NHS Foundation Trust,R26-0PR4,,T26-5QNO,Testing,21 Jun 2026 07:00,,M4.14,"PACKAGE: M4.14 - Non-Small Cell Lung Cancer, Multi-target ctDNA combined Multi-target NGS panel - small variant (EGFR, ALK, BRAF, KRAS, MET exon 14 skipping and copy number variations) and structural variant (ROS1, RET, ALK, NTRK1, NTRK2, NTRK3, MET exon ",ctDNA_M4,T26-5QNO,12 Jun 2026 15:00,F,21 Jun 2026 07:00,,,13 Jun 2026 09:00,15 Jun 2026 01:00,S26-U0CO,BL,Blood
200065,9737873858,RHQ5556157,SHEFFIELD,Theon,1986-09-12,Male,SH_LDW,Dr Leah Woodford,RHQ,Sheffield Teaching Hospitals NHS Foundation Trust,R26-9TYF,,T26-Q5WZ,Testing,28 May 2026 01:00,,M4.14,"PACKAGE: M4.14 - Non-Small Cell Lung Cancer, Multi-target ctDNA combined Multi-target NGS panel - small variant (EGFR, ALK, BRAF, KRAS, MET exon 14 skipping and copy number variations) and structural variant (ROS1, RET, ALK, NTRK1, NTRK2, NTRK3, MET exon ",ctDNA_M4,T26-Q5WZ,15 May 2026 10:00,F,28 May 2026 00:00,,,17 May 2026 10:00,17 May 2026 23:00,S26-X7MH,BL,Blood
200066,9737873874,R0B1219360,SUNDERLAND,Corlys,1965-03-22,Male,SH_AMK,Dr Amelia Kinnear,R0B,South Tyneside and Sunderland NHS Foundation Trust,R26-T47K,,T26-FBF1,Testing,10 Mar 2026 02:00,,M4.14,"PACKAGE: M4.14 - Non-Small Cell Lung Cancer, Multi-target ctDNA combined Multi-target NGS panel - small variant (EGFR, ALK, BRAF, KRAS, MET exon 14 skipping and copy number variations) and structural variant (ROS1, RET, ALK, NTRK1, NTRK2, NTRK3, MET exon ",ctDNA_M4,T26-FBF1,22 Feb 2026 12:00,F,09 Mar 2026 06:00,,,23 Feb 2026 21:00,25 Feb 2026 05:00,S26-AP12,BL,Blood
200067,9737383222,RR86567129,LEEDS,Rob,1978-01-17,Male,SH_JJE,Dr Jonathan Edgerley,RR8,Leeds Teaching Hospitals NHS Trust,R26-C0F1,,T26-7UBH,Testing,18 Mar 2026 06:00,,M4.14,"PACKAGE: M4.14 - Non-Small Cell Lung Cancer, Multi-target ctDNA combined Multi-target NGS panel - small variant (EGFR, ALK, BRAF, KRAS, MET exon 14 skipping and copy number variations) and structural variant (ROS1, RET, ALK, NTRK1, NTRK2, NTRK3, MET exon ",ctDNA_M4,T26-7UBH,05 Mar 2026 09:00,F,17 Mar 2026 15:00,,,05 Mar 2026 17:00,06 Mar 2026 14:00,S26-9UB7,BL,Blood
200068,9737383346,RCD6580042,HAWES,Ygritte,2023-02-09,Female,SH_JJE,Dr Jonathan Edgerley,RCD,Harrogate and District NHS Foundation Trust,R26-F8FC,,T26-YX2T,Testing,15 May 2026 03:00,,M3.13,"PACKAGE: M3.13 - Breast Cancer, Multi-target ctDNA NGS panel - small variant (ESR1)",ctDNA_M3,T26-YX2T,02 May 2026 11:00,F,13 May 2026 22:00,,,03 May 2026 15:00,04 May 2026 12:00,S26-RHO3,BL,Blood
200069,9737873947,RTD6825237,NEWCASTLE,Rheana,2009-06-11,Female,SH_AMK,Dr Amelia Kinnear,RTD,The Newcastle upon Tyne Hospitals NHS Foundation Trust,R26-TD9N,,T26-3TE8,Testing,03 Feb 2026 01:00,,M4.14,"PACKAGE: M4.14 - Non-Small Cell Lung Cancer, Multi-target ctDNA combined Multi-target NGS panel - small variant (EGFR, ALK, BRAF, KRAS, MET exon 14 skipping and copy number variations) and structural variant (ROS1, RET, ALK, NTRK1, NTRK2, NTRK3, MET exon ",ctDNA_M4,T26-3TE8,21 Jan 2026 17:00,F,02 Feb 2026 01:00,,,22 Jan 2026 00:00,23 Jan 2026 20:00,S26-ZNJ4,BL,Blood
200070,9737383338,RWJ7171834,BUXTON,Lysa,1971-01-01,Female,SH_RPT,Dr Ross Pettifer,RWJ,Stockport NHS Foundation Trust,R26-W9SF,,T26-JD0R,Testing,07 Apr 2026 15:00,,M4.14,"PACKAGE: M4.14 - Non-Small Cell Lung Cancer, Multi-target ctDNA combined Multi-target NGS panel - small variant (EGFR, ALK, BRAF, KRAS, MET exon 14 skipping and copy number variations) and structural variant (ROS1, RET, ALK, NTRK1, NTRK2, NTRK3, MET exon ",ctDNA_M4,T26-JD0R,30 Mar 2026 09:00,F,06 Apr 2026 16:00,,,30 Mar 2026 23:00,31 Mar 2026 13:00,S26-LZEA,BL,Blood
200071,9737383192,R0A4990415,MANCHESTER,Sansa,1972-09-21,Female,SH_AMK,Dr Amelia Kinnear,R0A,Manchester University NHS Foundation Trust,R26-5BUX,,T26-66KR,Testing,05 Jun 2026 20:00,,M3.13,"PACKAGE: M3.13 - Breast Cancer, Multi-target ctDNA NGS panel - small variant (ESR1)",ctDNA_M3,T26-66KR,29 May 2026 14:00,F,04 Jun 2026 19:00,,,30 May 2026 05:00,30 May 2026 17:00,S26-ILE7,BL,Blood
200072,9737383206,REM5612527,LIVERPOOL,Ned,1942-06-18,Male,SH_JJE,Dr Jonathan Edgerley,REM,Liverpool University Hospitals NHS Foundation Trust,R26-QJ70,,T26-UTU0,Testing,18 Jun 2026 00:00,,M4.14,"PACKAGE: M4.14 - Non-Small Cell Lung Cancer, Multi-target ctDNA combined Multi-target NGS panel - small variant (EGFR, ALK, BRAF, KRAS, MET exon 14 skipping and copy number variations) and structural variant (ROS1, RET, ALK, NTRK1, NTRK2, NTRK3, MET exon ",ctDNA_M4,T26-UTU0,10 Jun 2026 08:00,F,17 Jun 2026 11:00,,,11 Jun 2026 02:00,12 Jun 2026 10:00,S26-UJMH,BL,Blood
200073,9737383281,RBT9630726,CONGLETON,Margaery,1982-02-11,Female,SH_RPT,Dr Ross Pettifer,RBT,Mid Cheshire Hospitals NHS Foundation Trust,R26-ATTW,,T26-FASX,Testing,18 May 2026 14:00,,M3.13,"PACKAGE: M3.13 - Breast Cancer, Multi-target ctDNA NGS panel - small variant (ESR1)",ctDNA_M3,T26-FASX,09 May 2026 13:00,F,18 May 2026 01:00,,,11 May 2026 03:00,12 May 2026 19:00,S26-38OL,BL,Blood
200074,9737383214,RTX5299567,LANCASTER,Jaime,1970-07-27,Male,SH_LDW,Dr Leah Woodford,RTX,University Hospitals of Morecambe Bay NHS Foundation Trust,R26-T3D0,,T26-HN7C,Testing,25 Apr 2026 09:00,,M4.14,"PACKAGE: M4.14 - Non-Small Cell Lung Cancer, Multi-target ctDNA combined Multi-target NGS panel - small variant (EGFR, ALK, BRAF, KRAS, MET exon 14 skipping and copy number variations) and structural variant (ROS1, RET, ALK, NTRK1, NTRK2, NTRK3, MET exon ",ctDNA_M4,T26-HN7C,16 Apr 2026 10:00,F,24 Apr 2026 06:00,,,17 Apr 2026 05:00,18 Apr 2026 01:00,S26-80QG,BL,Blood
200075,9737383273,RMC5816963,BOLTON,Ramsay,1985-05-13,Male,SH_AMK,Dr Amelia Kinnear,RMC,Bolton NHS Foundation Trust,R26-AKHB,,T26-76OR,Testing,26 Feb 2026 21:00,,M4.14,"PACKAGE: M4.14 - Non-Small Cell Lung Cancer, Multi-target ctDNA combined Multi-target NGS panel - small variant (EGFR, ALK, BRAF, KRAS, MET exon 14 skipping and copy number variations) and structural variant (ROS1, RET, ALK, NTRK1, NTRK2, NTRK3, MET exon ",ctDNA_M4,T26-76OR,12 Feb 2026 15:00,F,25 Feb 2026 12:00,,,12 Feb 2026 22:00,14 Feb 2026 03:00,S26-FZ3J,BL,Blood
200076,9737873998,RXP5342179,DURHAM,Alicent,1993-12-27,Female,SH_RPT,Dr Ross Pettifer,RXP,County Durham and Darlington NHS Foundation Trust,R26-16E5,,T26-TEWL,Testing,03 Aug 2026 03:00,,M4.14,"PACKAGE: M4.14 - Non-Small Cell Lung Cancer, Multi-target ctDNA combined Multi-target NGS panel - small variant (EGFR, ALK, BRAF, KRAS, MET exon 14 skipping and copy number variations) and structural variant (ROS1, RET, ALK, NTRK1, NTRK2, NTRK3, MET exon ",ctDNA_M4,T26-TEWL,20 Jul 2026 08:00,F,02 Aug 2026 19:00,,,22 Jul 2026 07:00,23 Jul 2026 07:00,S26-OGMF,BL,Blood
200077,9737383370,RXR2504446,BLACKBURN,Robert,1965-01-14,Male,SH_RPT,Dr Ross Pettifer,RXR,East Lancashire Hospitals NHS Trust,R26-ZPP0,,T26-RD93,Testing,04 Feb 2026 06:00,,M4.14,"PACKAGE: M4.14 - Non-Small Cell Lung Cancer, Multi-target ctDNA combined Multi-target NGS panel - small variant (EGFR, ALK, BRAF, KRAS, MET exon 14 skipping and copy number variations) and structural variant (ROS1, RET, ALK, NTRK1, NTRK2, NTRK3, MET exon ",ctDNA_M4,T26-RD93,22 Jan 2026 09:00,F,03 Feb 2026 22:00,,,22 Jan 2026 20:00,23 Jan 2026 19:00,S26-I36C,BL,Blood
200078,9737873998,RXP5342179,DURHAM,Alicent,1993-12-27,Female,SH_AMK,Dr Amelia Kinnear,RXP,County Durham and Darlington NHS Foundation Trust,R26-082U,,T26-F8RL,Testing,03 Jun 2026 00:00,,M4.14,"PACKAGE: M4.14 - Non-Small Cell Lung Cancer, Multi-target ctDNA combined Multi-target NGS panel - small variant (EGFR, ALK, BRAF, KRAS, MET exon 14 skipping and copy number variations) and structural variant (ROS1, RET, ALK, NTRK1, NTRK2, NTRK3, MET exon ",ctDNA_M4,T26-F8RL,27 May 2026 10:00,F,02 Jun 2026 22:00,,,27 May 2026 22:00,28 May 2026 12:00,S26-5CYF,BL,Blood
200079,9737873971,RTR9120517,MIDDLESBOROUGH,Allanys,1947-04-27,Female,SH_AMK,Dr Amelia Kinnear,RTR,South Tees Hospitals NHS Foundation Trust,R26-TXML,,T26-JIUE,Testing,23 May 2026 10:00,,M3.13,"PACKAGE: M3.13 - Breast Cancer, Multi-target ctDNA NGS panel - small variant (ESR1)",ctDNA_M3,T26-JIUE,08 May 2026 17:00,F,22 May 2026 08:00,,,10 May 2026 02:00,11 May 2026 08:00,S26-KYMC,BL,Blood
200080,9737383214,RTX5299567,LANCASTER,Jaime,1970-07-27,Male,SH_RPT,Dr Ross Pettifer,RTX,University Hospitals of Morecambe Bay NHS Foundation Trust,R26-23NB,,T26-25OP,Testing,17 Jun 2026 19:00,,M4.14,"PACKAGE: M4.14 - Non-Small Cell Lung Cancer, Multi-target ctDNA combined Multi-target NGS panel - small variant (EGFR, ALK, BRAF, KRAS, MET exon 14 skipping and copy number variations) and structural variant (ROS1, RET, ALK, NTRK1, NTRK2, NTRK3, MET exon ",ctDNA_M4,T26-25OP,11 Jun 2026 12:00,F,17 Jun 2026 10:00,,,11 Jun 2026 14:00,12 Jun 2026 07:00,S26-USYG,BL,Blood
200081,9737383389,RXR5544238,BURNLEY,Selyse,1967-09-18,Female,SH_JJE,Dr Jonathan Edgerley,RXR,East Lancashire Hospitals NHS Trust,R26-9JCH,,T26-M3YE,Testing,15 Apr 2026 02:00,,M4.14,"PACKAGE: M4.14 - Non-Small Cell Lung Cancer, Multi-target ctDNA combined Multi-target NGS panel - small variant (EGFR, ALK, BRAF, KRAS, MET exon 14 skipping and copy number variations) and structural variant (ROS1, RET, ALK, NTRK1, NTRK2, NTRK3, MET exon ",ctDNA_M4,T26-M3YE,30 Mar 2026 12:00,F,14 Apr 2026 00:00,,,31 Mar 2026 11:00,01 Apr 2026 17:00,S26-D4BG,BL,Blood
200082,9737383370,RXR2504446,BLACKBURN,Robert,1965-01-14,Male,SH_LDW,Dr Leah Woodford,RXR,East Lancashire Hospitals NHS Trust,R26-TNT7,,T26-3ERB,Testing,16 Mar 2026 04:00,,M4.14,"PACKAGE: M4.14 - Non-Small Cell Lung Cancer, Multi-target ctDNA combined Multi-target NGS panel - small variant (EGFR, ALK, BRAF, KRAS, MET exon 14 skipping and copy number variations) and structural variant (ROS1, RET, ALK, NTRK1, NTRK2, NTRK3, MET exon ",ctDNA_M4,T26-3ERB,04 Mar 2026 17:00,F,15 Mar 2026 04:00,,,05 Mar 2026 19:00,07 Mar 2026 03:00,S26-SFFO,BL,Blood
200083,9737873882,RAE9998340,BRADFORD,Rodrik,1942-09-20,Male,SH_RPT,Dr Ross Pettifer,RAE,Bradford Teaching Hospitals NHS Foundation Trust,R26-FF0Z,,T26-D8ON,Testing,20 Jan 2026 12:00,,M4.14,"PACKAGE: M4.14 - Non-Small Cell Lung Cancer, Multi-target ctDNA combined Multi-target NGS panel - small variant (EGFR, ALK, BRAF, KRAS, MET exon 14 skipping and copy number variations) and structural variant (ROS1, RET, ALK, NTRK1, NTRK2, NTRK3, MET exon ",ctDNA_M4,T26-D8ON,13 Jan 2026 15:00,F,19 Jan 2026 14:00,,,13 Jan 2026 18:00,14 Jan 2026 14:00,S26-GL58,BL,Blood
200084,9737383214,RTX5299567,LANCASTER,Jaime,1970-07-27,Male,SH_LDW,Dr Leah Woodford,RTX,University Hospitals of Morecambe Bay NHS Foundation Trust,R26-N09Q,,T26-0ARX,Testing,25 Feb 2026 01:00,,M4.14,"PACKAGE: M4.14 - Non-Small Cell Lung Cancer, Multi-target ctDNA combined Multi-target NGS panel - small variant (EGFR, ALK, BRAF, KRAS, MET exon 14 skipping and copy number variations) and structural variant (ROS1, RET, ALK, NTRK1, NTRK2, NTRK3, MET exon ",ctDNA_M4,T26-0ARX,17 Feb 2026 11:00,F,23 Feb 2026 15:00,,,18 Feb 2026 00:00,18 Feb 2026 05:00,S26-KH37,BL,Blood
200085,9737383222,RR86567129,LEEDS,Rob,1978-01-17,Male,SH_RPT,Dr Ross Pettifer,RR8,Leeds Teaching Hospitals NHS Trust,R26-H076,,T26-IQTY,Testing,10 Mar 2026 01:00,,M4.14,"PACKAGE: M4.14 - Non-Small Cell Lung Cancer, Multi-target ctDNA combined Multi-target NGS panel - small variant (EGFR, ALK, BRAF, KRAS, MET exon 14 skipping and copy number variations) and structural variant (ROS1, RET, ALK, NTRK1, NTRK2, NTRK3, MET exon ",ctDNA_M4,T26-IQTY,24 Feb 2026 10:00,F,09 Mar 2026 19:00,,,25 Feb 2026 14:00,26 Feb 2026 08:00,S26-NJ3K,BL,Blood
200086,9737383389,RXR5544238,BURNLEY,Selyse,1967-09-18,Female,SH_RPT,Dr Ross Pettifer,RXR,East Lancashire Hospitals NHS Trust,R26-5Q8N,,T26-W3ZO,Testing,08 Mar 2026 22:00,,M4.14,"PACKAGE: M4.14 - Non-Small Cell Lung Cancer, Multi-target ctDNA combined Multi-target NGS panel - small variant (EGFR, ALK, BRAF, KRAS, MET exon 14 skipping and copy number variations) and structural variant (ROS1, RET, ALK, NTRK1, NTRK2, NTRK3, MET exon ",ctDNA_M4,T26-W3ZO,26 Feb 2026 10:00,F,07 Mar 2026 19:00,,,26 Feb 2026 11:00,27 Feb 2026 13:00,S26-JO9R,BL,Blood
200087,9737873858,RHQ5556157,SHEFFIELD,Theon,1986-09-12,Male,SH_AMK,Dr Amelia Kinnear,RHQ,Sheffield Teaching Hospitals NHS Foundation Trust,R26-2CJO,,T26-CH14,Testing,17 May 2026 20:00,,M4.14,"PACKAGE: M4.14 - Non-Small Cell Lung Cancer, Multi-target ctDNA combined Multi-target NGS panel - small variant (EGFR, ALK, BRAF, KRAS, MET exon 14 skipping and copy number variations) and structural variant (ROS1, RET, ALK, NTRK1, NTRK2, NTRK3, MET exon ",ctDNA_M4,T26-CH14,04 May 2026 16:00,F,17 May 2026 09:00,,,05 May 2026 01:00,06 May 2026 22:00,S26-XPK0,BL,Blood
200088,9737383257,REM2035465,WREXHAM,Myrcella,1999-10-13,Female,SH_AMK,Dr Amelia Kinnear,REM,Liverpool University Hospitals NHS Foundation Trust,R26-YHUC,,T26-RU3O,Testing,04 Apr 2026 05:00,,M4.14,"PACKAGE: M4.14 - Non-Small Cell Lung Cancer, Multi-target ctDNA combined Multi-target NGS panel - small variant (EGFR, ALK, BRAF, KRAS, MET exon 14 skipping and copy number variations) and structural variant (ROS1, RET, ALK, NTRK1, NTRK2, NTRK3, MET exon ",ctDNA_M4,T26-RU3O,22 Mar 2026 10:00,F,03 Apr 2026 07:00,,,24 Mar 2026 08:00,25 Mar 2026 02:00,S26-SK7I,BL,Blood
200089,9737383222,RR86567129,LEEDS,Rob,1978-01-17,Male,SH_LDW,Dr Leah Woodford,RR8,Leeds Teaching Hospitals NHS Trust,R26-ZQ5B,,T26-A14O,Testing,28 Apr 2026 11:00,,M4.14,"PACKAGE: M4.14 - Non-Small Cell Lung Cancer, Multi-target ctDNA combined Multi-target NGS panel - small variant (EGFR, ALK, BRAF, KRAS, MET exon 14 skipping and copy number variations) and structural variant (ROS1, RET, ALK, NTRK1, NTRK2, NTRK3, MET exon ",ctDNA_M4,T26-A14O,14 Apr 2026 08:00,F,27 Apr 2026 20:00,,,15 Apr 2026 23:00,17 Apr 2026 19:00,S26-2GCL,BL,Blood
200090,9737383354,RTX4842004,KENDAL,Tormund,1978-12-07,Male,SH_JJE,Dr Jonathan Edgerley,RTX,University Hospitals of Morecambe Bay NHS Foundation Trust,R26-D4SX,,T26-OT5R,Testing,17 May 2026 17:00,,M4.14,"PACKAGE: M4.14 - Non-Small Cell Lung Cancer, Multi-target ctDNA combined Multi-target NGS panel - small variant (EGFR, ALK, BRAF, KRAS, MET exon 14 skipping and copy number variations) and structural variant (ROS1, RET, ALK, NTRK1, NTRK2, NTRK3, MET exon ",ctDNA_M4,T26-OT5R,02 May 2026 10:00,F,16 May 2026 14:00,,,02 May 2026 12:00,04 May 2026 03:00,S26-4LFL,BL,Blood
200091,9737383311,RBT4226362,NORTHWICH,Mace,1957-01-19,Male,SH_AMK,Dr Amelia Kinnear,RBT,Mid Cheshire Hospitals NHS Foundation Trust,R26-X1PS,,T26-C9EW,Testing,04 Feb 2026 20:00,,M4.14,"PACKAGE: M4.14 - Non-Small Cell Lung Cancer, Multi-target ctDNA combined Multi-target NGS panel - small variant (EGFR, ALK, BRAF, KRAS, MET exon 14 skipping and copy number variations) and structural variant (ROS1, RET, ALK, NTRK1, NTRK2, NTRK3, MET exon ",ctDNA_M4,T26-C9EW,27 Jan 2026 08:00,F,04 Feb 2026 00:00,,,29 Jan 2026 05:00,29 Jan 2026 22:00,S26-3GTF,BL,Blood
200092,9737873882,RAE9998340,BRADFORD,Rodrik,1942-09-20,Male,SH_JJE,Dr Jonathan Edgerley,RAE,Bradford Teaching Hospitals NHS Foundation Trust,R26-W2EB,,T26-QCJ5,Testing,05 Feb 2026 00:00,,M4.14,"PACKAGE: M4.14 - Non-Small Cell Lung Cancer, Multi-target ctDNA combined Multi-target NGS panel - small variant (EGFR, ALK, BRAF, KRAS, MET exon 14 skipping and copy number variations) and structural variant (ROS1, RET, ALK, NTRK1, NTRK2, NTRK3, MET exon ",ctDNA_M4,T26-QCJ5,22 Jan 2026 12:00,F,04 Feb 2026 21:00,,,24 Jan 2026 01:00,25 Jan 2026 12:00,S26-78MC,BL,Blood
200093,9737873882,RAE9998340,BRADFORD,Rodrik,1942-09-20,Male,SH_JJE,Dr Jonathan Edgerley,RAE,Bradford Teaching Hospitals NHS Foundation Trust,R26-KZB1,,T26-BPWX,Testing,26 Jan 2026 04:00,,M4.14,"PACKAGE: M4.14 - Non-Small Cell Lung Cancer, Multi-target ctDNA combined Multi-target NGS panel - small variant (EGFR, ALK, BRAF, KRAS, MET exon 14 skipping and copy number variations) and structural variant (ROS1, RET, ALK, NTRK1, NTRK2, NTRK3, MET exon ",ctDNA_M4,T26-BPWX,16 Jan 2026 15:00,F,25 Jan 2026 12:00,,,16 Jan 2026 22:00,18 Jan 2026 07:00,S26-5LNH,BL,Blood
200094,9737383273,RMC5816963,BOLTON,Ramsay,1985-05-13,Male,SH_RPT,Dr Ross Pettifer,RMC,Bolton NHS Foundation Trust,R26-O8MU,,T26-4P83,Testing,26 May 2026 18:00,,M4.14,"PACKAGE: M4.14 - Non-Small Cell Lung Cancer, Multi-target ctDNA combined Multi-target NGS panel - small variant (EGFR, ALK, BRAF, KRAS, MET exon 14 skipping and copy number variations) and structural variant (ROS1, RET, ALK, NTRK1, NTRK2, NTRK3, MET exon ",ctDNA_M4,T26-4P83,15 May 2026 09:00,F,25 May 2026 06:00,,,15 May 2026 15:00,17 May 2026 02:00,S26-QOZS,BL,Blood
200095,9737383370,RXR2504446,BLACKBURN,Robert,1965-01-14,Male,SH_RPT,Dr Ross Pettifer,RXR,East Lancashire Hospitals NHS Trust,R26-NLK8,,T26-LHKG,Testing,14 Feb 2026 01:00,,M4.14,"PACKAGE: M4.14 - Non-Small Cell Lung Cancer, Multi-target ctDNA combined Multi-target NGS panel - small variant (EGFR, ALK, BRAF, KRAS, MET exon 14 skipping and copy number variations) and structural variant (ROS1, RET, ALK, NTRK1, NTRK2, NTRK3, MET exon ",ctDNA_M4,T26-LHKG,06 Feb 2026 10:00,F,13 Feb 2026 16:00,,,08 Feb 2026 00:00,08 Feb 2026 04:00,S26-QFUB,BL,Blood
200096,9737383397,RMP7373931,TAMESIDE,Hodor,1960-07-27,Male,SH_LDW,Dr Leah Woodford,RMP,Tameside and Glossop Integrated Care NHS Foundation Trust,R26-TSHC,,T26-3AZX,Testing,19 Jul 2026 17:00,,M4.14,"PACKAGE: M4.14 - Non-Small Cell Lung Cancer, Multi-target ctDNA combined Multi-target NGS panel - small variant (EGFR, ALK, BRAF, KRAS, MET exon 14 skipping and copy number variations) and structural variant (ROS1, RET, ALK, NTRK1, NTRK2, NTRK3, MET exon ",ctDNA_M4,T26-3AZX,11 Jul 2026 08:00,F,18 Jul 2026 19:00,,,12 Jul 2026 12:00,13 Jul 2026 16:00,S26-6MOX,BL,Blood
200097,9737383346,RCD6580042,HAWES,Ygritte,2023-02-09,Female,SH_LDW,Dr Leah Woodford,RCD,Harrogate and District NHS Foundation Trust,R26-ST2Z,,T26-OU8L,Testing,30 Mar 2026 20:00,,M4.14,"PACKAGE: M4.14 - Non-Small Cell Lung Cancer, Multi-target ctDNA combined Multi-target NGS panel - small variant (EGFR, ALK, BRAF, KRAS, MET exon 14 skipping and copy number variations) and structural variant (ROS1, RET, ALK, NTRK1, NTRK2, NTRK3, MET exon ",ctDNA_M4,T26-OU8L,17 Mar 2026 10:00,F,30 Mar 2026 09:00,,,19 Mar 2026 04:00,20 Mar 2026 04:00,S26-7JXR,BL,Blood
200098,9737873963,RWA1512218,HULL,Yara,1981-04-23,Female,SH_AMK,Dr Amelia Kinnear,RWA,Hull University Teaching Hospitals NHS Trust,R26-T7MO,,T26-8PQI,Testing,21 Jul 2026 03:00,,M3.13,"PACKAGE: M3.13 - Breast Cancer, Multi-target ctDNA NGS panel - small variant (ESR1)",ctDNA_M3,T26-8PQI,10 Jul 2026 11:00,F,20 Jul 2026 12:00,,,11 Jul 2026 08:00,12 Jul 2026 06:00,S26-8D9R,BL,Blood
200099,9737383397,RMP7373931,TAMESIDE,Hodor,1960-07-27,Male,SH_JJE,Dr Jonathan Edgerley,RMP,Tameside and Glossop Integrated Care NHS Foundation Trust,R26-02A7,,T26-XI0D,Testing,21 Feb 2026 21:00,,M4.14,"PACKAGE: M4.14 - Non-Small Cell Lung Cancer, Multi-target ctDNA combined Multi-target NGS panel - small variant (EGFR, ALK, BRAF, KRAS, MET exon 14 skipping and copy number variations) and structural variant (ROS1, RET, ALK, NTRK1, NTRK2, NTRK3, MET exon ",ctDNA_M4,T26-XI0D,13 Feb 2026 12:00,F,21 Feb 2026 21:00,,,14 Feb 2026 15:00,15 Feb 2026 10:00,S26-PIBV,BL,Blood
